[
    {
        "id": 0,
        "atendimento": {
            "num": 775,
            "class": "laudar"
        },
        "circulos": {
            "id": "id",
            "doc": "doc",
            "vincular": "vnc",
            "osirix": "ozx",
            "web": "web",
            "laudo": "ldo"
        },
        "paciente": "Aracy Cabral da Silva do Nome Mais Comprido da História da Humanidade",
        "medico": "Dr. George Freire Nunes", 
        "registro": {
            "data": "14/07/2017",
            "hora": "9:00h"
        },
        "realizacao": {
            "data": "14/07/2017",
            "hora": "19:00h"
        },
        "mod": "MR",
        "exame": "Torax",
        "status": {
            "label": "Para Laudar",
            "class": "laudar"
        },
        "setor": "Atendimento"
    },
    {
        "id": 1,
        "atendimento": {
            "num": 105,
            "class": "revisar"
        },
        "circulos": {
            "id": "id",
            "doc": "doc",
            "vincular": "vnc",
            "osirix": "ozx",
            "web": "web",
            "laudo": "ldo"
        },
        "paciente": "Rosangela Aparecida",
        "medico": "Dr. Felipe Alvarenga", 
        "registro": {
            "data": "16/07/2017",
            "hora": "9:00h"
        },
        "realizacao": {
            "data": "16/07/2017",
            "hora": "19:00h"
        },
        "mod": "MR",
        "exame": "Torax",
        "status": {
            "label": "Para Revisar",
            "class": "revisar"
        },
        "setor": "Atendimento"
    },
    {
        "id": 2,
        "atendimento": {
            "num": 3,
            "class": "ditafone"
        },
        "circulos": {
            "id": "id",
            "doc": "doc",
            "vincular": "vnc",
            "osirix": "ozx",
            "web": "web",
            "laudo": "ldo"
        },
        "paciente": "Ana Carolina Silva",
        "medico": "Dr. George Freire Nunes", 
        "registro": {
            "data": "16/07/2017",
            "hora": "14:00h"
        },
        "realizacao": {
            "data": "16/07/2017",
            "hora": "20:00h"
        },
        "mod": "CT",
        "exame": "Lorem ipsum",
        "status": {
            "label": "Ditafone",
            "class": "ditafone"
        },
        "setor": "URC/Matriz"
    },
    {
        "id": 3,
        "atendimento": {
            "num": 99,
            "class": "registrado"
        },
        "circulos": {
            "id": "id",
            "doc": "doc",
            "vincular": "vnc",
            "osirix": "ozx",
            "web": "web",
            "laudo": "ldo"
        },
        "paciente": "Francisco Carvalho",
        "medico": "Dr. Fernanda Ávilla", 
        "registro": {
            "data": "17/07/2017",
            "hora": "8:00h"
        },
        "realizacao": {
            "data": "17/07/2017",
            "hora": "18:00h"
        },
        "mod": "CT",
        "exame": "Lorem ipsum",
        "status": {
            "label": "Registrado",
            "class": "registrado"
        },
        "setor": "URC/Matriz"
    },
    {
        "id": 4,
        "atendimento": {
            "num": 2245688,
            "class": "manuscrito"
        },
        "circulos": {
            "id": "id",
            "doc": "doc",
            "vincular": "vnc",
            "osirix": "ozx",
            "web": "web",
            "laudo": "ldo"
        },
        "paciente": "Lourdes da Costa",
        "medico": "Dra. Agustina Lourdes", 
        "registro": {
            "data": "18/07/2017",
            "hora": "10:00h"
        },
        "realizacao": {
            "data": "18/07/2017",
            "hora": "14:00h"
        },
        "mod": "MR",
        "exame": "Lorem ipsum",
        "status": {
            "label": "Manuscrito",
            "class": "manuscrito"
        },
        "setor": "URC/Matriz"
    },
    {
        "id": 5,
        "atendimento": {
            "num": 224568,
            "class": "externo"
        },
        "circulos": {
            "id": "id",
            "doc": "doc",
            "vincular": "vnc",
            "osirix": "ozx",
            "web": "web",
            "laudo": "ldo"
        },
        "paciente": "Lourdes da Costa",
        "medico": "Dra. Agustina Lourdes", 
        "registro": {
            "data": "18/07/2017",
            "hora": "10:00h"
        },
        "realizacao": {
            "data": "18/07/2017",
            "hora": "14:00h"
        },
        "mod": "MR",
        "exame": "Lorem ipsum",
        "status": {
            "label": "Externo",
            "class": "externo"
        },
        "setor": "URC/Matriz"
    },
    {
        "id": 6,
        "atendimento": {
            "num": 224568,
            "class": "liberado"
        },
        "circulos": {
            "id": "id",
            "doc": "doc",
            "vincular": "vnc",
            "osirix": "ozx",
            "web": "web",
            "laudo": "ldo"
        },
        "paciente": "Lourdes da Costa",
        "medico": "Dra. Agustina Lourdes", 
        "registro": {
            "data": "18/07/2017",
            "hora": "10:00h"
        },
        "realizacao": {
            "data": "18/07/2017",
            "hora": "14:00h"
        },
        "mod": "MR",
        "exame": "Lorem ipsum",
        "status": {
            "label": "Liberado",
            "class": "liberado"
        },
        "setor": "URC/Matriz"
    },
    {
        "id": 7,
        "atendimento": {
            "num": 224568,
            "class": "cancelado"
        },
        "circulos": {
            "id": "id",
            "doc": "doc",
            "vincular": "vnc",
            "osirix": "ozx",
            "web": "web",
            "laudo": "ldo"
        },
        "paciente": "Lourdes da Costa",
        "medico": "Dra. Agustina Lourdes", 
        "registro": {
            "data": "18/07/2017",
            "hora": "10:00h"
        },
        "realizacao": {
            "data": "18/07/2017",
            "hora": "14:00h"
        },
        "mod": "MR",
        "exame": "Lorem ipsum",
        "status": {
            "label": "Cancelado",
            "class": "cancelado"
        },
        "setor": "URC/Matriz"
    },
    {
        "id": 8,
        "atendimento": {
            "num": 224568,
            "class": "entregue"
        },
        "circulos": {
            "id": "id",
            "doc": "doc",
            "vincular": "vnc",
            "osirix": "ozx",
            "web": "web",
            "laudo": "ldo"
        },
        "paciente": "Lourdes da Costa",
        "medico": "Dra. Agustina Lourdes", 
        "registro": {
            "data": "18/07/2017",
            "hora": "10:00h"
        },
        "realizacao": {
            "data": "18/07/2017",
            "hora": "14:00h"
        },
        "mod": "MR",
        "exame": "Lorem ipsum",
        "status": {
            "label": "Entregue",
            "class": "entregue"
        },
        "setor": "URC/Matriz"
    },
    {
        "id": 9,
        "atendimento": {
            "num": 224568,
            "class": "revisar"
        },
        "circulos": {
            "id": "id",
            "doc": "doc",
            "vincular": "vnc",
            "osirix": "ozx",
            "web": "web",
            "laudo": "ldo"
        },
        "paciente": "Lourdes da Costa",
        "medico": "Dra. Agustina Lourdes", 
        "registro": {
            "data": "18/07/2017",
            "hora": "10:00h"
        },
        "realizacao": {
            "data": "18/07/2017",
            "hora": "14:00h"
        },
        "mod": "MR",
        "exame": "Lorem ipsum",
        "status": {
            "label": "Para Revisar",
            "class": "revisar"
        },
        "setor": "URC/Matriz"
    },
    {
        "id": 10,
        "atendimento": {
            "num": 537775,
            "class": "laudar"
        },
        "circulos": {
            "id": "id",
            "doc": "doc",
            "vincular": "vnc",
            "osirix": "ozx",
            "web": "web",
            "laudo": "ldo"
        },
        "paciente": "Aracy Cabral da Silva",
        "medico": "Dr. George Freire Nunes", 
        "registro": {
            "data": "14/07/2017",
            "hora": "9:00h"
        },
        "realizacao": {
            "data": "14/07/2017",
            "hora": "19:00h"
        },
        "mod": "MR",
        "exame": "Torax",
        "status": {
            "label": "Para Laudar",
            "class": "laudar"
        },
        "setor": "Atendimento"
    },
    {
        "id": 11,
        "atendimento": {
            "num": 537775,
            "class": "revisar"
        },
        "circulos": {
            "id": "id",
            "doc": "doc",
            "vincular": "vnc",
            "osirix": "ozx",
            "web": "web",
            "laudo": "ldo"
        },
        "paciente": "Rosangela Aparecida",
        "medico": "Dr. Felipe Alvarenga", 
        "registro": {
            "data": "16/07/2017",
            "hora": "9:00h"
        },
        "realizacao": {
            "data": "16/07/2017",
            "hora": "19:00h"
        },
        "mod": "MR",
        "exame": "Torax",
        "status": {
            "label": "Para Revisar",
            "class": "revisar"
        },
        "setor": "Atendimento"
    },
    {
        "id": 12,
        "atendimento": {
            "num": 328763,
            "class": "ditafone"
        },
        "circulos": {
            "id": "id",
            "doc": "doc",
            "vincular": "vnc",
            "osirix": "ozx",
            "web": "web",
            "laudo": "ldo"
        },
        "paciente": "Ana Carolina Silva",
        "medico": "Dr. George Freire Nunes", 
        "registro": {
            "data": "16/07/2017",
            "hora": "14:00h"
        },
        "realizacao": {
            "data": "16/07/2017",
            "hora": "20:00h"
        },
        "mod": "CT",
        "exame": "Lorem ipsum",
        "status": {
            "label": "Ditafone",
            "class": "ditafone"
        },
        "setor": "URC/Matriz"
    },
    {
        "id": 13,
        "atendimento": {
            "num": 679809,
            "class": "registrado"
        },
        "circulos": {
            "id": "id",
            "doc": "doc",
            "vincular": "vnc",
            "osirix": "ozx",
            "web": "web",
            "laudo": "ldo"
        },
        "paciente": "Francisco Carvalho",
        "medico": "Dr. Fernanda Ávilla", 
        "registro": {
            "data": "17/07/2017",
            "hora": "8:00h"
        },
        "realizacao": {
            "data": "17/07/2017",
            "hora": "18:00h"
        },
        "mod": "CT",
        "exame": "Lorem ipsum",
        "status": {
            "label": "Registrado",
            "class": "registrado"
        },
        "setor": "URC/Matriz"
    },
    {
        "id": 14,
        "atendimento": {
            "num": 224568,
            "class": "manuscrito"
        },
        "circulos": {
            "id": "id",
            "doc": "doc",
            "vincular": "vnc",
            "osirix": "ozx",
            "web": "web",
            "laudo": "ldo"
        },
        "paciente": "Lourdes da Costa",
        "medico": "Dra. Agustina Lourdes", 
        "registro": {
            "data": "18/07/2017",
            "hora": "10:00h"
        },
        "realizacao": {
            "data": "18/07/2017",
            "hora": "14:00h"
        },
        "mod": "MR",
        "exame": "Lorem ipsum",
        "status": {
            "label": "Manuscrito",
            "class": "manuscrito"
        },
        "setor": "URC/Matriz"
    },
    {
        "id": 15,
        "atendimento": {
            "num": 224568,
            "class": "externo"
        },
        "circulos": {
            "id": "id",
            "doc": "doc",
            "vincular": "vnc",
            "osirix": "ozx",
            "web": "web",
            "laudo": "ldo"
        },
        "paciente": "Lourdes da Costa",
        "medico": "Dra. Agustina Lourdes", 
        "registro": {
            "data": "18/07/2017",
            "hora": "10:00h"
        },
        "realizacao": {
            "data": "18/07/2017",
            "hora": "14:00h"
        },
        "mod": "MR",
        "exame": "Lorem ipsum",
        "status": {
            "label": "Externo",
            "class": "externo"
        },
        "setor": "URC/Matriz"
    },
    {
        "id": 16,
        "atendimento": {
            "num": 224568,
            "class": "liberado"
        },
        "circulos": {
            "id": "id",
            "doc": "doc",
            "vincular": "vnc",
            "osirix": "ozx",
            "web": "web",
            "laudo": "ldo"
        },
        "paciente": "Lourdes da Costa",
        "medico": "Dra. Agustina Lourdes", 
        "registro": {
            "data": "18/07/2017",
            "hora": "10:00h"
        },
        "realizacao": {
            "data": "18/07/2017",
            "hora": "14:00h"
        },
        "mod": "MR",
        "exame": "Lorem ipsum",
        "status": {
            "label": "Liberado",
            "class": "liberado"
        },
        "setor": "URC/Matriz"
    },
    {
        "id": 17,
        "atendimento": {
            "num": 224568,
            "class": "cancelado"
        },
        "circulos": {
            "id": "id",
            "doc": "doc",
            "vincular": "vnc",
            "osirix": "ozx",
            "web": "web",
            "laudo": "ldo"
        },
        "paciente": "Lourdes da Costa",
        "medico": "Dra. Agustina Lourdes", 
        "registro": {
            "data": "18/07/2017",
            "hora": "10:00h"
        },
        "realizacao": {
            "data": "18/07/2017",
            "hora": "14:00h"
        },
        "mod": "MR",
        "exame": "Lorem ipsum",
        "status": {
            "label": "Cancelado",
            "class": "cancelado"
        },
        "setor": "URC/Matriz"
    },
    {
        "id": 18,
        "atendimento": {
            "num": 224568,
            "class": "entregue"
        },
        "circulos": {
            "id": "id",
            "doc": "doc",
            "vincular": "vnc",
            "osirix": "ozx",
            "web": "web",
            "laudo": "ldo"
        },
        "paciente": "Lourdes da Costa",
        "medico": "Dra. Agustina Lourdes", 
        "registro": {
            "data": "18/07/2017",
            "hora": "10:00h"
        },
        "realizacao": {
            "data": "18/07/2017",
            "hora": "14:00h"
        },
        "mod": "MR",
        "exame": "Lorem ipsum",
        "status": {
            "label": "Entregue",
            "class": "entregue"
        },
        "setor": "URC/Matriz"
    },
    {
        "id": 19,
        "atendimento": {
            "num": 224568,
            "class": "revisar"
        },
        "circulos": {
            "id": "id",
            "doc": "doc",
            "vincular": "vnc",
            "osirix": "ozx",
            "web": "web",
            "laudo": "ldo"
        },
        "paciente": "Lourdes da Costa",
        "medico": "Dra. Agustina Lourdes", 
        "registro": {
            "data": "18/07/2017",
            "hora": "10:00h"
        },
        "realizacao": {
            "data": "18/07/2017",
            "hora": "14:00h"
        },
        "mod": "MR",
        "exame": "Lorem ipsum",
        "status": {
            "label": "Para Revisar",
            "class": "revisar"
        },
        "setor": "URC/Matriz"
    }
]